{
    "cumulative_pose_stability": {
        "ADHD_Male": {
            "1": 77.08333333333333,
            "7": 73.13722294654498,
            "8": 91.74603174603175,
            "12": 79.73389355742297,
            "18": 91.35651873481488,
            "20": 81.22884196413608,
            "26": 96.23716153127918,
            "28": 75.1197597683141,
            "38": 72.3957096963079,
            "40": 77.44281045751634,
            "52": 82.94467787114846,
            "54": 81.75420168067227,
            "55": 94.69654528478058
        },
        "ADHD_Female": {
            "9": 96.1029411764706,
            "19": 88.04647221207324,
            "25": 80.7516339869281,
            "27": 85.90102707749766,
            "29": 95.4108309990663,
            "30": 88.17110177404295,
            "32": 85.87535014005603,
            "33": 95.38515406162465,
            "37": 95.80882352941177,
            "39": 93.30765639589168,
            "41": 78.45898811502002,
            "51": 91.66199813258636,
            "53": 100.0
        },
        "NonADHD_Male": {
            "10": 91.3655462184874,
            "11": 89.9673202614379,
            "13": 93.03571428571428,
            "16": 79.38725490196079,
            "21": 92.77777777777777,
            "22": 88.83870214752568,
            "44": 86.76353874883286,
            "45": 91.9080259222333,
            "46": 91.06442577030812,
            "48": 86.88492063492065,
            "56": 76.15546218487395,
            "57": 80.27255534982355,
            "59": 84.94047619047619
        },
        "NonADHD_Female": {
            "3": 94.11998132586369,
            "4": 92.74159663865545,
            "6": 94.4140989729225,
            "14": 93.32166199813258,
            "15": 91.75536881419235,
            "17": 83.3765172735761,
            "31": 95.13888888888887,
            "34": 93.16293183940242,
            "42": 88.93778016783999,
            "47": 94.38114228742343,
            "49": 91.85213479331127,
            "50": 92.57936507936508,
            "58": 98.8795518207283
        }
    },
    "aggregated_pose_stability": {
        "ADHD_Male": "82.68 \u00b1 7.89",
        "ADHD_Female": "90.38 \u00b1 6.21",
        "NonADHD_Male": "87.18 \u00b1 5.31",
        "NonADHD_Female": "92.67 \u00b1 3.46"
    }
}