{
    "ADHD": {
        "Session 1": {
            "w": [
                []
            ],
            "wo": [
                [
                    75.83333333333333,
                    87.5,
                    95.0,
                    96.66666666666667,
                    73.33333333333334,
                    98.30508474576271,
                    83.33333333333334,
                    87.5,
                    87.5,
                    96.63865546218487,
                    99.16666666666667,
                    77.31092436974791,
                    81.66666666666667,
                    87.5,
                    84.03361344537815,
                    95.7983193277311,
                    95.83333333333334,
                    95.83333333333334,
                    90.75630252100841,
                    87.5,
                    70.83333333333333,
                    98.33333333333333,
                    92.43697478991596,
                    100.0,
                    95.7983193277311,
                    85.0
                ]
            ]
        },
        "Session 2": {
            "w": [
                []
            ],
            "wo": [
                [
                    96.63865546218487,
                    82.35294117647058,
                    97.47899159663865,
                    96.66666666666667,
                    89.91596638655463,
                    93.33333333333333,
                    85.83333333333334,
                    77.5,
                    94.9579831932773,
                    90.83333333333333,
                    98.31932773109243,
                    66.94915254237289,
                    89.07563025210084,
                    83.33333333333334,
                    93.22033898305084,
                    98.33333333333333,
                    98.31932773109243,
                    92.43697478991596,
                    89.07563025210084,
                    100.0,
                    95.83333333333334,
                    96.63865546218487,
                    91.66666666666666,
                    100.0,
                    94.9579831932773,
                    85.71428571428572
                ]
            ]
        },
        "Session 3": {
            "w": [
                []
            ],
            "wo": [
                [
                    75.83333333333333,
                    68.33333333333333,
                    88.23529411764706,
                    98.33333333333333,
                    82.35294117647058,
                    96.66666666666667,
                    90.75630252100841,
                    80.67226890756302,
                    69.74789915966386,
                    100.0,
                    74.78991596638656,
                    69.74789915966386,
                    87.5,
                    81.66666666666667,
                    85.0,
                    97.47899159663865,
                    83.19327731092436,
                    84.87394957983193,
                    92.5,
                    85.0,
                    74.78991596638656,
                    95.0,
                    70.58823529411764,
                    100.0,
                    86.66666666666667,
                    96.63865546218487
                ]
            ]
        },
        "Session 4": {
            "w": [
                [
                    65.0,
                    66.66666666666667,
                    94.11764705882352,
                    98.33333333333333,
                    82.35294117647058,
                    89.07563025210084,
                    87.5,
                    80.0,
                    77.5,
                    95.7983193277311,
                    100.0,
                    80.50847457627118,
                    95.83333333333334,
                    84.16666666666667,
                    73.109243697479,
                    100.0,
                    98.33333333333333,
                    65.83333333333333,
                    95.0,
                    84.16666666666667,
                    63.02521008403361,
                    89.16666666666666,
                    77.5,
                    100.0,
                    76.66666666666666,
                    100.0
                ]
            ],
            "wo": [
                []
            ]
        },
        "Session 5": {
            "w": [
                [
                    75.0,
                    80.0,
                    89.07563025210084,
                    90.0,
                    57.98319327731092,
                    87.17948717948718,
                    86.08695652173914,
                    81.19658119658119,
                    71.42857142857143,
                    100.0,
                    75.63025210084034,
                    75.63025210084034,
                    95.0,
                    94.11764705882352,
                    89.07563025210084,
                    79.83193277310924,
                    100.0,
                    75.63025210084034,
                    93.27731092436974,
                    84.03361344537815,
                    83.05084745762711,
                    85.83333333333334,
                    83.19327731092436,
                    100.0,
                    80.67226890756302,
                    96.66666666666667
                ]
            ],
            "wo": [
                []
            ]
        },
        "Session 6": {
            "w": [
                []
            ],
            "wo": [
                [
                    75.0,
                    79.48717948717949,
                    92.43697478991596,
                    98.33333333333333,
                    85.0,
                    93.10344827586206,
                    75.63025210084034,
                    85.0,
                    83.33333333333334,
                    91.66666666666666,
                    98.31932773109243,
                    80.0,
                    98.33333333333333,
                    86.66666666666667,
                    77.31092436974791,
                    100.0,
                    94.16666666666667,
                    70.33898305084746,
                    96.63865546218487,
                    70.0,
                    75.83333333333333,
                    85.0,
                    84.87394957983193,
                    100.0,
                    64.16666666666666,
                    100.0
                ]
            ]
        },
        "Session 7": {
            "w": [
                []
            ],
            "wo": [
                [
                    73.33333333333334,
                    60.16949152542372,
                    93.27731092436974,
                    94.11764705882352,
                    85.71428571428572,
                    90.51724137931035,
                    91.66666666666666,
                    79.83193277310924,
                    91.66666666666666,
                    94.9579831932773,
                    88.33333333333333,
                    65.0,
                    95.7983193277311,
                    89.07563025210084,
                    100.0,
                    100.0,
                    100.0,
                    75.83333333333333,
                    91.59663865546219,
                    66.66666666666667,
                    87.5,
                    98.33333333333333,
                    90.75630252100841,
                    100.0,
                    88.23529411764706,
                    84.87394957983193
                ]
            ]
        },