{
    "M-ADHD": {
        "Session 1": [
            88.33333333333334
        ],
        "Session 2": [
            89.29487179487178
        ],
        "Session 3": [
            83.5897435897436
        ],
        "Session 4": [
            81.47435897435896
        ],
        "Session 5": [
            82.17948717948718
        ],
        "Session 6": [
            82.49999999999999
        ],
        "Session 7": [
            80.83333333333334
        ],
        "Session 8": [
            86.21794871794873
        ]
    },
    "F-ADHD": {
        "Session 1": [
            90.12820512820514
        ],
        "Session 2": [
            93.84615384615384
        ],
        "Session 3": [
            87.05128205128204
        ],
        "Session 4": [
            89.42307692307692
        ],
        "Session 5": [
            88.07692307692308
        ],
        "Session 6": [
            90.0
        ],
        "Session 7": [
            94.48717948717947
        ],
        "Session 8": [
            93.52564102564102
        ]
    },
    "M-nonADHD": {
        "Session 1": [
            87.24358974358974
        ],
        "Session 2": [
            89.35897435897436
        ],
        "Session 3": [
            89.16666666666667
        ],
        "Session 4": [
            85.76923076923076
        ],
        "Session 5": [
            89.55128205128206
        ],
        "Session 6": [
            85.12820512820511
        ],
        "Session 7": [
            88.71794871794873
        ],
        "Session 8": [
            85.06410256410257
        ]
    },
    "F-nonADHD": {
        "Session 1": [
            92.37179487179486
        ],
        "Session 2": [
            92.05128205128207
        ],
        "Session 3": [
            95.51282051282053
        ],
        "Session 4": [
            91.85897435897436
        ],
        "Session 5": [
            93.97435897435896
        ],
        "Session 6": [
            91.85897435897436
        ],
        "Session 7": [
            91.02564102564102
        ],
        "Session 8": [
            92.05128205128206
        ]
    }
}