{
    "ADHD": {
        "Session 1": [
            81.0897435897436,
            89.74358974358975,
            91.34615384615385,
            91.98717948717949,
            89.10256410256412,
            91.34615384615384,
            89.74358974358975,
            91.02564102564104,
            92.62820512820512,
            90.35547785547787
        ],
        "Session 2": [
            91.02564102564104,
            96.7948717948718,
            94.55128205128204,
            89.74358974358974,
            91.98717948717949,
            93.5897435897436,
            87.82051282051282,
            94.87179487179486,
            90.06410256410257,
            89.17832167832168
        ],
        "Session 3": [
            88.14102564102565,
            85.57692307692308,
            82.69230769230771,
            90.06410256410257,
            85.25641025641026,
            91.98717948717949,
            84.29487179487181,
            85.25641025641025,
            84.93589743589745,
            85.57692307692307
        ],
        "Session 4": [
            86.21794871794873,
            83.33333333333334,
            87.82051282051283,
            84.93589743589743,
            87.17948717948717,
            90.06410256410257,
            88.78205128205131,
            87.5,
            83.01282051282051,
            85.00971250971249
        ],
        "Session 5": [
            85.8974358974359,
            88.14102564102565,
            85.25641025641025,
            86.21794871794872,
            87.82051282051283,
            86.85897435897434,
            85.5769230769231,
            80.76923076923077,
            90.38461538461537,
            84.41364191364191
        ],
        "Session 6": [
            84.61538461538461,
            90.7051282051282,
            87.82051282051283,
            85.57692307692308,
            89.1025641025641,
            87.17948717948718,
            83.65384615384615,
            85.25641025641025,
            87.82051282051282,
            88.12354312354313
        ],
        "Session 7": [
            91.34615384615387,
            89.10256410256412,
            88.46153846153847,
            84.93589743589745,
            87.50000000000001,
            87.5,
            87.82051282051283,
            89.10256410256412,
            86.53846153846153,
            91.22960372960372
        ],
        "Session 8": [
            91.02564102564104,
            90.38461538461539,
            88.78205128205128,
            89.74358974358975,
            89.1025641025641,
            90.70512820512822,
            91.02564102564102,
            92.94871794871793,
            94.87179487179488,
            86.01398601398601
        ]
    },
    "Non-ADHD": {
        "Session 1": [
            87.82051282051282,
            92.94871794871796,
            92.62820512820514,
            92.62820512820514,
            94.55128205128206,
            90.38461538461537,
            86.85897435897435,
            90.38461538461537,
            87.5,
            89.21911421911423
        ],
        "Session 2": [
            84.29487179487178,
            94.23076923076924,
            93.26923076923077,
            91.98717948717949,
            91.66666666666667,
            92.30769230769232,
            92.62820512820512,
            90.38461538461539,
            92.3076923076923,
            91.28205128205128
        ],
        "Session 3": [
            94.87179487179486,
            97.11538461538461,
            92.94871794871794,
            90.70512820512822,
            94.87179487179486,
            92.3076923076923,
            93.91025641025641,
            90.38461538461539,
            90.06410256410257,
            91.7152292152292
        ],
        "Session 4": [
            87.17948717948718,
            90.7051282051282,
            94.23076923076924,
            93.5897435897436,
            85.57692307692307,
            90.3846153846154,
            88.7820512820513,
            88.14102564102564,
            88.14102564102564,
            89.3065268065268
        ],
        "Session 5": [
            93.91025641025641,
            92.94871794871796,
            89.74358974358977,
            96.79487179487181,
            92.94871794871796,
            88.46153846153847,
            91.9871794871795,
            92.30769230769232,
            90.38461538461539,
            93.56060606060606
        ],
        "Session 6": [
            87.82051282051282,
            90.06410256410257,
            81.73076923076923,
            86.21794871794872,
            90.7051282051282,
            91.34615384615387,
            91.02564102564101,
            87.1794871794872,
            92.62820512820512,
            93.66550116550115
        ],
        "Session 7": [
            87.5,
            90.70512820512819,
            92.62820512820514,
            91.34615384615384,
            91.9871794871795,
            86.53846153846155,
            90.06410256410258,
            91.98717948717946,
            89.42307692307692,
            91.38111888111888
        ],
        "Session 8": [
            92.3076923076923,
            89.10256410256412,
            91.34615384615387,
            86.53846153846156,
            88.14102564102565,
            87.5,
            87.17948717948717,
            87.82051282051285,
            93.58974358974359,
            90.5011655011655
        ]
    }
}