{
    "M-ADHD": {
        "Session 1": [
            78.84615384615385,
            91.66666666666667,
            87.17948717948717,
            90.38461538461537,
            88.46153846153847,
            87.82051282051282,
            87.82051282051282,
            87.82051282051282,
            92.30769230769232,
            95.51282051282051
        ],
        "Session 2": [
            90.3846153846154,
            98.71794871794873,
            91.02564102564104,
            83.33333333333334,
            88.46153846153845,
            89.10256410256412,
            86.53846153846155,
            91.66666666666667,
            89.1025641025641,
            89.10256410256412
        ],
        "Session 3": [
            89.74358974358974,
            83.97435897435899,
            82.05128205128203,
            87.1794871794872,
            82.6923076923077,
            92.3076923076923,
            79.48717948717949,
            82.6923076923077,
            82.6923076923077,
            85.25641025641026
        ],
        "Session 4": [
            80.12820512820512,
            75.64102564102565,
            82.05128205128204,
            80.76923076923077,
            82.69230769230768,
            89.74358974358972,
            86.53846153846155,
            85.89743589743591,
            80.12820512820512,
            83.97435897435899
        ],
        "Session 5": [
            80.12820512820514,
            87.17948717948718,
            83.33333333333334,
            87.82051282051283,
            85.8974358974359,
            80.12820512820515,
            82.05128205128204,
            81.41025641025642,
            85.89743589743591,
            82.69230769230771
        ],
        "Session 6": [
            78.2051282051282,
            89.74358974358975,
            85.25641025641025,
            83.97435897435899,
            87.82051282051282,
            86.53846153846155,
            77.56410256410255,
            78.84615384615385,
            85.8974358974359,
            83.33333333333333
        ],
        "Session 7": [
            85.8974358974359,
            80.76923076923079,
            80.12820512820512,
            80.76923076923076,
            80.76923076923076,
            80.76923076923079,
            82.6923076923077,
            85.8974358974359,
            80.12820512820514,
            84.61538461538461
        ],
        "Session 8": [
            87.17948717948718,
            82.6923076923077,
            84.61538461538461,
            85.89743589743591,
            85.89743589743591,
            84.61538461538461,
            90.3846153846154,
            91.02564102564104,
            92.3076923076923,
            85.89743589743591
        ]
    },
    "F-ADHD": {
        "Session 1": [
            83.33333333333334,
            87.82051282051283,
            95.51282051282053,
            93.58974358974359,
            89.74358974358974,
            94.87179487179488,
            91.66666666666667,
            94.23076923076923,
            92.94871794871796,
            85.25641025641026
        ],
        "Session 2": [
            91.66666666666667,
            94.87179487179488,
            98.07692307692308,
            96.15384615384616,
            95.5128205128205,
            98.07692307692308,
            89.10256410256412,
            98.0769230769231,
            91.02564102564104,
            90.38461538461539
        ],
        "Session 3": [
            86.53846153846155,
            87.17948717948717,
            83.33333333333334,
            92.94871794871794,
            87.82051282051282,
            91.66666666666667,
            89.10256410256412,
            87.82051282051282,
            87.17948717948717,
            87.17948717948718
        ],
        "Session 4": [
            92.30769230769229,
            91.02564102564104,
            93.5897435897436,
            89.10256410256412,
            91.66666666666667,
            90.38461538461539,
            91.02564102564102,
            89.10256410256412,
            85.8974358974359,
            87.82051282051282
        ],
        "Session 5": [
            91.66666666666667,
            89.1025641025641,
            87.17948717948718,
            84.61538461538461,
            89.74358974358975,
            93.58974358974359,
            89.1025641025641,
            80.12820512820512,
            94.87179487179488,
            88.46153846153847
        ],
        "Session 6": [
            91.02564102564104,
            91.66666666666667,
            90.38461538461539,
            87.17948717948718,
            90.38461538461539,
            87.82051282051282,
            89.74358974358975,
            91.66666666666667,
            89.74358974358974,
            94.87179487179488
        ],
        "Session 7": [
            96.79487179487178,
            97.43589743589743,
            96.7948717948718,
            89.10256410256412,
            94.23076923076923,
            94.23076923076924,
            92.94871794871796,
            92.3076923076923,
            92.94871794871796,
            98.71794871794873
        ],
        "Session 8": [
            94.87179487179486,
            98.0769230769231,
            92.94871794871796,
            93.58974358974359,
            92.30769230769229,
            96.7948717948718,
            91.66666666666667,
            94.87179487179489,
            97.43589743589743,
            87.82051282051282
        ]
    },
    "M-nonADHD": {
        "Session 1": [
            83.33333333333334,
            89.1025641025641,
            91.66666666666667,
            90.38461538461539,
            94.23076923076923,
            89.74358974358974,
            84.6153846153846,
            89.74358974358975,
            85.25641025641026,
            85.25641025641025
        ],
        "Session 2": [
            80.76923076923077,
            94.23076923076923,
            91.02564102564102,
            90.38461538461539,
            89.1025641025641,
            88.46153846153845,
            94.23076923076923,
            90.3846153846154,
            92.3076923076923,
            92.30769230769229
        ],
        "Session 3": [
            92.94871794871796,
            94.23076923076923,
            91.02564102564105,
            88.46153846153847,
            92.3076923076923,
            87.82051282051282,
            92.30769230769232,
            91.02564102564102,
            83.97435897435899,
            87.1794871794872
        ],
        "Session 4": [
            87.82051282051282,
            89.10256410256412,
            92.94871794871796,
            91.02564102564102,
            78.84615384615387,
            88.46153846153845,
            89.1025641025641,
            86.53846153846155,
            80.76923076923077,
            83.33333333333334
        ],
        "Session 5": [
            95.51282051282051,
            87.17948717948718,
            88.46153846153845,
            95.5128205128205,
            87.17948717948718,
            83.33333333333334,
            86.53846153846155,
            94.23076923076923,
            90.3846153846154,
            95.51282051282051
        ],
        "Session 6": [
            83.97435897435899,
            87.17948717948718,
            80.76923076923077,
            80.76923076923079,
            85.25641025641026,
            90.3846153846154,
            89.74358974358975,
            80.76923076923077,
            90.38461538461539,
            91.02564102564104
        ],
        "Session 7": [
            85.25641025641025,
            86.53846153846155,
            91.66666666666667,
            89.10256410256412,
            93.58974358974358,
            87.17948717948718,
            87.17948717948718,
            91.66666666666667,
            85.8974358974359,
            94.23076923076923
        ],