{
    "ADHD": {
        "Session 1": [
            89.20813566626131
        ],
        "Session 2": [
            91.51481453076669
        ],
        "Session 3": [
            85.24482870071107
        ],
        "Session 4": [
            85.37131280152215
        ],
        "Session 5": [
            84.98437324185416
        ],
        "Session 6": [
            86.17844980182701
        ],
        "Session 7": [
            87.58674462906595
        ],
        "Session 8": [
            89.80937224955171
        ]
    },
    "Non-ADHD": {
        "Session 1": [
            89.79126265890972
        ],
        "Session 2": [
            90.65409540608944
        ],
        "Session 3": [
            92.28857617997892
        ],
        "Session 4": [
            88.76993104934283
        ],
        "Session 5": [
            91.70918562992343
        ],
        "Session 6": [
            88.43846208626869
        ],
        "Session 7": [
            89.81867127555066
        ],
        "Session 8": [
            88.53345184227535
        ]
    }
}