{
    "M-ADHD": {
        "Session 1": [
            [
                75.83333333333333,
                87.5,
                95.0,
                73.33333333333334,
                98.30508474576271,
                87.5,
                96.63865546218487,
                77.31092436974791,
                95.83333333333334,
                87.5,
                92.43697478991596,
                95.7983193277311,
                85.0
            ]
        ],
        "Session 2": [
            [
                96.63865546218487,
                82.35294117647058,
                97.47899159663865,
                89.91596638655463,
                93.33333333333333,
                77.5,
                90.83333333333333,
                66.94915254237289,
                92.43697478991596,
                100.0,
                91.66666666666666,
                94.9579831932773,
                85.71428571428572
            ]
        ],
        "Session 3": [
            [
                75.83333333333333,
                68.33333333333333,
                88.23529411764706,
                82.35294117647058,
                96.66666666666667,
                80.67226890756302,
                100.0,
                69.74789915966386,
                84.87394957983193,
                85.0,
                70.58823529411764,
                86.66666666666667,
                96.63865546218487
            ]
        ],
        "Session 4": [
            [
                65.0,
                66.66666666666667,
                94.11764705882352,
                82.35294117647058,
                89.07563025210084,
                80.0,
                95.7983193277311,
                80.50847457627118,
                65.83333333333333,
                84.16666666666667,
                77.5,
                76.66666666666666,
                100.0
            ]
        ],
        "Session 5": [
            [
                75.0,
                80.0,
                89.07563025210084,
                57.98319327731092,
                87.17948717948718,
                81.19658119658119,
                100.0,
                75.63025210084034,
                75.63025210084034,
                84.03361344537815,
                83.19327731092436,
                80.67226890756302,
                96.66666666666667
            ]
        ],
        "Session 6": [
            [
                75.0,
                79.48717948717949,
                92.43697478991596,
                85.0,
                93.10344827586206,
                85.0,
                91.66666666666666,
                80.0,
                70.33898305084746,
                70.0,
                84.87394957983193,
                64.16666666666666,
                100.0
            ]
        ],
        "Session 7": [
            [
                73.33333333333334,
                60.16949152542372,
                93.27731092436974,
                85.71428571428572,
                90.51724137931035,
                79.83193277310924,
                94.9579831932773,
                65.0,
                75.83333333333333,
                66.66666666666667,
                90.75630252100841,
                88.23529411764706,
                84.87394957983193
            ]
        ],
        "Session 8": [
            [
                98.33333333333333,
                84.16666666666667,
                93.33333333333333,
                85.0,
                91.59663865546219,
                80.67226890756302,
                95.0,
                79.83193277310924,
                61.86440677966102,
                74.78991596638656,
                90.75630252100841,
                94.11764705882352,
                90.0
            ]
        ]
    },
    "F-ADHD": {
        "Session 1": [
            [
                96.66666666666667,
                83.33333333333334,
                87.5,
                99.16666666666667,
                81.66666666666667,
                87.5,
                84.03361344537815,
                95.7983193277311,
                95.83333333333334,
                90.75630252100841,
                70.83333333333333,
                98.33333333333333,
                100.0
            ]
        ],
        "Session 2": [
            [
                96.66666666666667,
                85.83333333333334,
                94.9579831932773,
                98.31932773109243,
                89.07563025210084,
                83.33333333333334,
                93.22033898305084,
                98.33333333333333,
                98.31932773109243,
                89.07563025210084,
                95.83333333333334,
                96.63865546218487,
                100.0
            ]
        ],
        "Session 3": [
            [
                98.33333333333333,
                90.75630252100841,
                69.74789915966386,
                74.78991596638656,
                87.5,
                81.66666666666667,
                85.0,
                97.47899159663865,
                83.19327731092436,
                92.5,
                74.78991596638656,
                95.0,
                100.0
            ]
        ],
        "Session 4": [
            [
                98.33333333333333,
                87.5,
                77.5,
                100.0,
                95.83333333333334,
                84.16666666666667,
                73.109243697479,
                100.0,
                98.33333333333333,
                95.0,
                63.02521008403361,
                89.16666666666666,
                100.0
            ]
        ],
        "Session 5": [
            [
                90.0,
                86.08695652173914,
                71.42857142857143,
                75.63025210084034,
                95.0,
                94.11764705882352,
                89.07563025210084,
                79.83193277310924,
                100.0,
                93.27731092436974,
                83.05084745762711,
                85.83333333333334,
                100.0
            ]
        ],
        "Session 6": [
            [
                98.33333333333333,
                75.63025210084034,
                83.33333333333334,
                98.31932773109243,
                98.33333333333333,
                86.66666666666667,
                77.31092436974791,
                100.0,
                94.16666666666667,
                96.63865546218487,
                75.83333333333333,
                85.0,
                100.0
            ]
        ],
        "Session 7": [
            [
                94.11764705882352,
                91.66666666666666,
                91.66666666666666,
                88.33333333333333,
                95.7983193277311,
                89.07563025210084,
                100.0,
                100.0,
                100.0,
                91.59663865546219,
                87.5,
                98.33333333333333,
                100.0
            ]
        ],
        "Session 8": [
            [
                97.5,
                96.63865546218487,
                90.83333333333333,
                78.33333333333333,
                100.0,
                93.33333333333333,
                90.75630252100841,
                95.0,
                99.15966386554622,
                90.83333333333333,
                86.5546218487395,
                96.63865546218487,
                100.0
            ]
        ]
    },