{
    "ADHD": {
        "Session 1": {
            "w": [
                86.41975308641975,
                84.25925925925925,
                85.18518518518518,
                83.02469135802468,
                85.18518518518518,
                88.58024691358024,
                88.2716049382716,
                87.34567901234567,
                90.43209876543209,
                91.35802469135803
            ],
            "wo": [
                0.0,
                0.0,
                0.0,
                0.0,
                0.0,
                0.0,
                0.0,
                0.0,
                0.0,
                0.0
            ]
        },
        "Session 2": {
            "w": [
                0.0,
                0.0,
                0.0,
                0.0,
                0.0,
                0.0,
                0.0,
                0.0,
                0.0,
                0.0
            ],
            "wo": [
                92.90123456790123,
                89.19753086419753,
                91.35802469135803,
                93.51851851851852,
                92.90123456790123,
                92.90123456790123,
                91.04938271604938,
                91.66666666666666,
                91.35802469135803,
                89.81481481481481
            ]
        },
        "Session 3": {
            "w": [
                0.0,
                0.0,
                0.0,
                0.0,
                0.0,
                0.0,
                0.0,
                0.0,
                0.0,
                0.0
            ],
            "wo": [
                95.67901234567901,
                94.1358024691358,
                94.1358024691358,
                93.20987654320987,
                95.37037037037037,
                90.43209876543209,
                93.20987654320987,
                91.04938271604938,
                93.82716049382715,
                91.04938271604938
            ]
        },
        "Session 4": {
            "w": [
                95.67901234567901,
                95.67901234567901,
                91.9753086419753,
                93.51851851851852,
                96.29629629629629,
                91.04938271604938,
                93.51851851851852,
                95.06172839506172,
                96.29629629629629,
                92.90123456790123
            ],
            "wo": [
                0.0,
                0.0,
                0.0,
                0.0,
                0.0,
                0.0,
                0.0,
                0.0,
                0.0,
                0.0
            ]
        },
        "Session 5": {
            "w": [
                96.60493827160494,
                95.06172839506172,
                94.75308641975307,
                91.9753086419753,
                95.06172839506172,
                91.04938271604938,
                93.51851851851852,
                94.1358024691358,
                93.82716049382715,
                94.44444444444444
            ],
            "wo": [
                0.0,
                0.0,
                0.0,
                0.0,
                0.0,
                0.0,
                0.0,
                0.0,
                0.0,
                0.0
            ]
        },
        "Session 6": {
            "w": [
                0.0,
                0.0,
                0.0,
                0.0,
                0.0,
                0.0,
                0.0,
                0.0,
                0.0,
                0.0
            ],
            "wo": [
                92.90123456790123,
                94.44444444444444,
                95.98765432098764,
                90.43209876543209,
                96.29629629629629,
                95.37037037037037,
                92.90123456790123,
                95.37037037037037,
                90.12345679012346,
                92.59259259259258
            ]
        },
        "Session 7": {
            "w": [
                0.0,
                0.0,
                0.0,
                0.0,
                0.0,
                0.0,
                0.0,
                0.0,
                0.0,
                0.0
            ],
            "wo": [
                92.90123456790123,
                93.51851851851852,
                92.59259259259258,
                91.9753086419753,
                91.35802469135803,
                91.9753086419753,
                90.12345679012346,
                90.12345679012346,
                91.04938271604938,
                91.9753086419753
            ]
        },
        "Session 8": {
            "w": [
                93.82716049382715,
                92.28395061728395,
                91.04938271604938,
                95.06172839506172,
                92.59259259259258,
                93.51851851851852,
                91.04938271604938,
                91.9753086419753,
                91.35802469135803,
                89.81481481481481
            ],
            "wo": [
                0.0,
                0.0,
                0.0,
                0.0,
                0.0,
                0.0,
                0.0,
                0.0,
                0.0,
                0.0
            ]
        }
    },
    "Non-ADHD": {
        "Session 1": {
            "w": [
                91.66666666666667,
                89.74358974358975,
                88.46153846153847,
                88.46153846153847,
                89.10256410256412,
                90.06410256410257,
                92.62820512820514,
                91.66666666666667,
                91.66666666666667,
                90.38461538461539
            ],
            "wo": [
                0.0,
                0.0,
                0.0,
                0.0,
                0.0,
                0.0,
                0.0,
                0.0,
                0.0,
                0.0
            ]
        },
        "Session 2": {
            "w": [
                0.0,
                0.0,
                0.0,
                0.0,
                0.0,
                0.0,
                0.0,
                0.0,
                0.0,
                0.0
            ],
            "wo": [
                94.87179487179488,
                90.70512820512822,
                96.79487179487181,
                97.11538461538463,
                95.1923076923077,
                95.1923076923077,
                92.62820512820514,
                95.1923076923077,
                95.1923076923077,
                94.87179487179488
            ]
        },
        "Session 3": {
            "w": [
                0.0,
                0.0,
                0.0,
                0.0,
                0.0,
                0.0,
                0.0,
                0.0,
                0.0,
                0.0
            ],
            "wo": [
                94.23076923076924,
                92.94871794871796,
                94.55128205128206,
                94.87179487179488,
                95.1923076923077,
                96.79487179487181,
                96.47435897435898,
                95.51282051282053,
                95.1923076923077,
                95.1923076923077
            ]
        },
        "Session 4": {
            "w": [
                95.1923076923077,
                96.79487179487181,
                94.55128205128206,
                95.51282051282053,
                91.66666666666667,
                96.47435897435898,
                91.66666666666667,
                96.47435897435898,
                94.87179487179488,
                94.87179487179488
            ],
            "wo": [
                0.0,
                0.0,
                0.0,
                0.0,
                0.0,
                0.0,
                0.0,
                0.0,
                0.0,
                0.0
            ]
        },