{
    "ADHD": {
        "Session 1": {
            "w": [
                87.00617283950616
            ],
            "wo": [
                0.0
            ]
        },
        "Session 2": {
            "w": [
                0.0
            ],
            "wo": [
                91.66666666666666
            ]
        },
        "Session 3": {
            "w": [
                0.0
            ],
            "wo": [
                93.20987654320987
            ]
        },
        "Session 4": {
            "w": [
                94.19753086419753
            ],
            "wo": [
                0.0
            ]
        },
        "Session 5": {
            "w": [
                94.0432098765432
            ],
            "wo": [
                0.0
            ]
        },
        "Session 6": {
            "w": [
                0.0
            ],
            "wo": [
                93.64197530864197
            ]
        },
        "Session 7": {
            "w": [
                0.0
            ],
            "wo": [
                91.75925925925925
            ]
        },
        "Session 8": {
            "w": [
                92.25308641975307
            ],
            "wo": [
                0.0
            ]
        }
    },
    "Non-ADHD": {
        "Session 1": {
            "w": [
                90.38461538461537
            ],
            "wo": [
                0.0
            ]
        },
        "Session 2": {
            "w": [
                0.0
            ],
            "wo": [
                94.77564102564102
            ]
        },
        "Session 3": {
            "w": [
                0.0
            ],
            "wo": [
                95.09615384615384
            ]
        },
        "Session 4": {
            "w": [
                94.80769230769229
            ],
            "wo": [
                0.0
            ]
        },
        "Session 5": {
            "w": [
                94.10256410256409
            ],
            "wo": [
                0.0
            ]
        },
        "Session 6": {
            "w": [
                0.0
            ],
            "wo": [
                94.74358974358974
            ]
        },
        "Session 7": {
            "w": [
                0.0
            ],
            "wo": [
                94.03846153846153
            ]
        },
        "Session 8": {
            "w": [
                94.77564102564102
            ],
            "wo": [
                0.0
            ]
        }
    }
}