{
    "cumulative_accuracy": {
        "ADHD_Male": {
            "1": 96.2809917355372,
            "7": 86.63911845730028,
            "8": 92.97520661157024,
            "12": 93.25068870523415,
            "18": 80.57851239669422,
            "20": 91.46005509641873,
            "26": 89.6694214876033,
            "28": 93.93939393939394,
            "38": 94.21487603305786,
            "40": 96.69421487603306,
            "52": 95.86776859504134,
            "54": 95.04132231404958,
            "55": 95.45454545454545
        },
        "ADHD_Female": {
            "9": 89.80716253443525,
            "19": 90.08264462809917,
            "25": 89.25619834710744,
            "27": 99.58677685950414,
            "29": 96.83195592286502,
            "30": 98.07162534435263,
            "32": 96.5564738292011,
            "33": 93.80165289256199,
            "37": 93.52617079889808,
            "39": 95.04132231404958,
            "41": 88.42975206611571,
            "51": 94.62809917355372,
            "53": 95.86776859504134
        },
        "NonADHD_Male": {
            "10": 90.22038567493114,
            "11": 91.5977961432507,
            "13": 92.42424242424242,
            "16": 91.46005509641874,
            "21": 89.1184573002755,
            "22": 93.80165289256199,
            "44": 94.49035812672177,
            "45": 96.00550964187329,
            "46": 98.48484848484848,
            "48": 96.69421487603306,
            "56": 94.76584022038567,
            "57": 94.49035812672177,
            "59": 96.14325068870524
        },
        "NonADHD_Female": {
            "3": 95.17906336088156,
            "4": 96.14325068870524,
            "6": 99.58677685950414,
            "14": 97.93388429752066,
            "15": 95.59228650137742,
            "17": 97.79614325068871,
            "31": 89.39393939393939,
            "34": 97.93388429752066,
            "42": 89.39393939393939,
            "47": 90.49586776859503,
            "49": 95.17906336088156,
            "50": 98.62258953168043,
            "58": 95.86776859504134
        }
    },
    "aggregated_accuracy": {
        "ADHD_Male": "92.47 \u00b1 4.38",
        "ADHD_Female": "93.96 \u00b1 3.44",
        "NonADHD_Male": "93.82 \u00b1 2.62",
        "NonADHD_Female": "95.32 \u00b1 3.32"
    }
}