{
    "M-ADHD": {
        "Session 1": {
            "w": [
                88.33333333333334
            ],
            "wo": [
                0.0
            ]
        },
        "Session 2": {
            "w": [
                0.0
            ],
            "wo": [
                92.30769230769229
            ]
        },
        "Session 3": {
            "w": [
                0.0
            ],
            "wo": [
                91.85897435897436
            ]
        },
        "Session 4": {
            "w": [
                94.16666666666667
            ],
            "wo": [
                0.0
            ]
        },
        "Session 5": {
            "w": [
                93.3974358974359
            ],
            "wo": [
                0.0
            ]
        },
        "Session 6": {
            "w": [
                0.0
            ],
            "wo": [
                92.88461538461537
            ]
        },
        "Session 7": {
            "w": [
                0.0
            ],
            "wo": [
                91.34615384615385
            ]
        },
        "Session 8": {
            "w": [
                91.02564102564102
            ],
            "wo": [
                0.0
            ]
        }
    },
    "F-ADHD": {
        "Session 1": {
            "w": [
                87.94871794871794
            ],
            "wo": [
                0.0
            ]
        },
        "Session 2": {
            "w": [
                0.0
            ],
            "wo": [
                91.66666666666667
            ]
        },
        "Session 3": {
            "w": [
                0.0
            ],
            "wo": [
                94.23076923076925
            ]
        },
        "Session 4": {
            "w": [
                93.91025641025642
            ],
            "wo": [
                0.0
            ]
        },
        "Session 5": {
            "w": [
                94.42307692307693
            ],
            "wo": [
                0.0
            ]
        },
        "Session 6": {
            "w": [
                0.0
            ],
            "wo": [
                93.97435897435899
            ]
        },
        "Session 7": {
            "w": [
                0.0
            ],
            "wo": [
                92.82051282051283
            ]
        },
        "Session 8": {
            "w": [
                94.35897435897436
            ],
            "wo": [
                0.0
            ]
        }
    },
    "M-nonADHD": {
        "Session 1": {
            "w": [
                87.82051282051283
            ],
            "wo": [
                0.0
            ]
        },
        "Session 2": {
            "w": [
                0.0
            ],
            "wo": [
                95.25641025641028
            ]
        },
        "Session 3": {
            "w": [
                0.0
            ],
            "wo": [
                94.42307692307693
            ]
        },
        "Session 4": {
            "w": [
                94.1025641025641
            ],
            "wo": [
                0.0
            ]
        },
        "Session 5": {
            "w": [
                92.69230769230768
            ],
            "wo": [
                0.0
            ]
        },
        "Session 6": {
            "w": [
                0.0
            ],
            "wo": [
                94.2948717948718
            ]
        },
        "Session 7": {
            "w": [
                0.0
            ],
            "wo": [
                93.39743589743593
            ]
        },
        "Session 8": {
            "w": [
                94.29487179487181
            ],
            "wo": [
                0.0
            ]
        }
    },
    "F-nonADHD": {
        "Session 1": {
            "w": [
                92.94871794871794
            ],
            "wo": [
                0.0
            ]
        },
        "Session 2": {
            "w": [
                0.0
            ],
            "wo": [
                94.2948717948718
            ]
        },
        "Session 3": {
            "w": [
                0.0
            ],
            "wo": [
                95.76923076923077
            ]
        },
        "Session 4": {
            "w": [
                95.51282051282051
            ],
            "wo": [
                0.0
            ]
        },
        "Session 5": {
            "w": [
                95.51282051282051
            ],
            "wo": [
                0.0
            ]
        },
        "Session 6": {
            "w": [
                0.0
            ],
            "wo": [
                95.19230769230772
            ]
        },
        "Session 7": {
            "w": [
                0.0
            ],
            "wo": [
                94.67948717948718
            ]
        },
        "Session 8": {
            "w": [
                95.25641025641026
            ],
            "wo": [
                0.0
            ]
        }
    }
}