{
    "M-ADHD": {
        "Session 1": {
            "w": [
                [
                    97.5,
                    78.33333333333333,
                    80.0,
                    84.16666666666667,
                    79.16666666666666,
                    95.0,
                    90.83333333333333,
                    78.33333333333333,
                    100.0,
                    92.5,
                    85.0,
                    92.5,
                    95.0
                ]
            ],
            "wo": [
                []
            ]
        },
        "Session 2": {
            "w": [
                []
            ],
            "wo": [
                [
                    98.33333333333333,
                    73.33333333333333,
                    90.83333333333333,
                    90.83333333333333,
                    80.83333333333333,
                    98.33333333333333,
                    91.66666666666666,
                    94.16666666666667,
                    99.16666666666667,
                    98.33333333333333,
                    95.0,
                    93.33333333333333,
                    95.83333333333334
                ]
            ]
        },
        "Session 3": {
            "w": [
                []
            ],
            "wo": [
                [
                    99.16666666666667,
                    72.5,
                    88.33333333333333,
                    93.33333333333333,
                    81.66666666666667,
                    95.0,
                    90.0,
                    95.0,
                    97.5,
                    100.0,
                    98.33333333333333,
                    88.33333333333333,
                    95.0
                ]
            ]
        },
        "Session 4": {
            "w": [
                [
                    97.5,
                    98.33333333333333,
                    94.16666666666667,
                    95.83333333333334,
                    80.83333333333333,
                    95.83333333333334,
                    89.16666666666667,
                    95.83333333333334,
                    91.66666666666666,
                    100.0,
                    96.66666666666667,
                    94.16666666666667,
                    94.16666666666667
                ]
            ],
            "wo": [
                []
            ]
        },
        "Session 5": {
            "w": [
                [
                    97.5,
                    95.0,
                    91.66666666666666,
                    88.33333333333333,
                    79.16666666666666,
                    90.0,
                    95.0,
                    96.66666666666667,
                    95.83333333333334,
                    99.16666666666667,
                    95.83333333333334,
                    98.33333333333333,
                    91.66666666666666
                ]
            ],
            "wo": [
                []
            ]
        },
        "Session 6": {
            "w": [
                []
            ],
            "wo": [
                [
                    94.16666666666667,
                    93.33333333333333,
                    94.16666666666667,
                    90.83333333333333,
                    75.83333333333333,
                    97.5,
                    89.16666666666667,
                    96.66666666666667,
                    96.66666666666667,
                    95.0,
                    95.0,
                    90.83333333333333,
                    98.33333333333333
                ]
            ]
        },
        "Session 7": {
            "w": [
                []
            ],
            "wo": [
                [
                    96.66666666666667,
                    78.33333333333333,
                    94.16666666666667,
                    94.16666666666667,
                    77.5,
                    85.83333333333333,
                    87.5,
                    93.33333333333333,
                    92.5,
                    95.0,
                    94.16666666666667,
                    100.0,
                    98.33333333333333
                ]
            ]
        },
        "Session 8": {
            "w": [
                [
                    92.5,
                    82.5,
                    95.0,
                    96.66666666666667,
                    89.16666666666667,
                    84.16666666666667,
                    86.66666666666667,
                    86.66666666666667,
                    90.83333333333333,
                    90.83333333333333,
                    95.0,
                    98.33333333333333,
                    95.0
                ]
            ],
            "wo": [
                []
            ]
        }
    },
    "F-ADHD": {
        "Session 1": {
            "w": [
                [
                    87.5,
                    81.66666666666667,
                    83.33333333333334,
                    91.66666666666666,
                    97.5,
                    95.83333333333334,
                    89.16666666666667,
                    95.0,
                    97.5,
                    94.16666666666667,
                    43.333333333333336,
                    96.66666666666667,
                    90.0
                ]
            ],
            "wo": [
                []
            ]
        },
        "Session 2": {
            "w": [
                []
            ],
            "wo": [
                [
                    78.33333333333333,
                    83.33333333333334,
                    92.5,
                    90.0,
                    97.5,
                    95.83333333333334,
                    100.0,
                    95.0,
                    98.33333333333333,
                    95.83333333333334,
                    78.33333333333333,
                    93.33333333333333,
                    93.33333333333333
                ]
            ]
        },
        "Session 3": {
            "w": [
                []
            ],
            "wo": [
                [
                    84.16666666666667,
                    95.0,
                    92.5,
                    100.0,
                    97.5,
                    100.0,
                    98.33333333333333,
                    96.66666666666667,
                    93.33333333333333,
                    90.0,
                    80.83333333333333,
                    97.5,
                    99.16666666666667
                ]
            ]
        },
        "Session 4": {
            "w": [
                [
                    92.5,
                    88.33333333333333,
                    89.16666666666667,
                    100.0,
                    99.16666666666667,
                    100.0,
                    96.66666666666667,
                    92.5,
                    95.0,
                    95.0,
                    90.0,
                    89.16666666666667,
                    93.33333333333333
                ]
            ],
            "wo": [
                []
            ]
        },
        "Session 5": {
            "w": [
                [
                    89.16666666666667,
                    89.16666666666667,
                    90.0,
                    99.16666666666667,
                    97.5,
                    98.33333333333333,
                    98.33333333333333,
                    93.33333333333333,
                    96.66666666666667,
                    97.5,
                    87.5,
                    95.83333333333334,
                    95.0
                ]
            ],
            "wo": [
                []
            ]
        },
        "Session 6": {
            "w": [
                []
            ],