{
    "ADHD": {
        "Session 1": {
            "w": [
                84.87654320987654
            ],
            "wo": [
                0.0
            ]
        },
        "Session 2": {
            "w": [
                0.0
            ],
            "wo": [
                88.58024691358024
            ]
        },
        "Session 3": {
            "w": [
                0.0
            ],
            "wo": [
                89.59876543209876
            ]
        },
        "Session 4": {
            "w": [
                90.55555555555556
            ],
            "wo": [
                0.0
            ]
        },
        "Session 5": {
            "w": [
                90.43209876543209
            ],
            "wo": [
                0.0
            ]
        },
        "Session 6": {
            "w": [
                0.0
            ],
            "wo": [
                89.96913580246913
            ]
        },
        "Session 7": {
            "w": [
                0.0
            ],
            "wo": [
                88.67283950617283
            ]
        },
        "Session 8": {
            "w": [
                89.25925925925925
            ],
            "wo": [
                0.0
            ]
        }
    },
    "Non-ADHD": {
        "Session 1": {
            "w": [
                90.38461538461537
            ],
            "wo": [
                0.0
            ]
        },
        "Session 2": {
            "w": [
                0.0
            ],
            "wo": [
                94.77564102564102
            ]
        },
        "Session 3": {
            "w": [
                0.0
            ],
            "wo": [
                95.09615384615384
            ]
        },
        "Session 4": {
            "w": [
                94.80769230769229
            ],
            "wo": [
                0.0
            ]
        },
        "Session 5": {
            "w": [
                94.10256410256409
            ],
            "wo": [
                0.0
            ]
        },
        "Session 6": {
            "w": [
                0.0
            ],
            "wo": [
                94.74358974358974
            ]
        },
        "Session 7": {
            "w": [
                0.0
            ],
            "wo": [
                94.03846153846153
            ]
        },
        "Session 8": {
            "w": [
                94.77564102564102
            ],
            "wo": [
                0.0
            ]
        }
    }
}