{
    "ADHD": {
        "Session 1": {
            "w": [
                82.71604938271605,
                82.09876543209876,
                82.71604938271605,
                80.86419753086419,
                82.71604938271605,
                86.41975308641975,
                87.03703703703704,
                85.80246913580247,
                88.88888888888889,
                89.50617283950616
            ],
            "wo": [
                0.0,
                0.0,
                0.0,
                0.0,
                0.0,
                0.0,
                0.0,
                0.0,
                0.0,
                0.0
            ]
        },
        "Session 2": {
            "w": [
                0.0,
                0.0,
                0.0,
                0.0,
                0.0,
                0.0,
                0.0,
                0.0,
                0.0,
                0.0
            ],
            "wo": [
                89.50617283950616,
                86.1111111111111,
                88.88888888888889,
                90.12345679012346,
                89.81481481481481,
                89.50617283950616,
                87.96296296296296,
                88.88888888888889,
                88.2716049382716,
                86.72839506172839
            ]
        },
        "Session 3": {
            "w": [
                0.0,
                0.0,
                0.0,
                0.0,
                0.0,
                0.0,
                0.0,
                0.0,
                0.0,
                0.0
            ],
            "wo": [
                92.28395061728395,
                90.43209876543209,
                90.43209876543209,
                89.50617283950616,
                92.28395061728395,
                86.72839506172839,
                89.50617283950616,
                87.34567901234567,
                90.12345679012346,
                87.34567901234567
            ]
        },
        "Session 4": {
            "w": [
                91.9753086419753,
                91.9753086419753,
                88.88888888888889,
                89.81481481481481,
                92.59259259259258,
                87.34567901234567,
                89.81481481481481,
                91.35802469135803,
                92.59259259259258,
                89.19753086419753
            ],
            "wo": [
                0.0,
                0.0,
                0.0,
                0.0,
                0.0,
                0.0,
                0.0,
                0.0,
                0.0,
                0.0
            ]
        },
        "Session 5": {
            "w": [
                92.90123456790123,
                91.66666666666666,
                91.04938271604938,
                88.58024691358024,
                91.35802469135803,
                87.34567901234567,
                90.12345679012346,
                90.43209876543209,
                90.12345679012346,
                90.74074074074073
            ],
            "wo": [
                0.0,
                0.0,
                0.0,
                0.0,
                0.0,
                0.0,
                0.0,
                0.0,
                0.0,
                0.0
            ]
        },
        "Session 6": {
            "w": [
                0.0,
                0.0,
                0.0,
                0.0,
                0.0,
                0.0,
                0.0,
                0.0,
                0.0,
                0.0
            ],
            "wo": [
                89.19753086419753,
                90.74074074074073,
                92.28395061728395,
                87.03703703703704,
                92.59259259259258,
                91.66666666666666,
                89.19753086419753,
                91.66666666666666,
                86.41975308641975,
                88.88888888888889
            ]
        },
        "Session 7": {
            "w": [
                0.0,
                0.0,
                0.0,
                0.0,
                0.0,
                0.0,
                0.0,
                0.0,
                0.0,
                0.0
            ],
            "wo": [
                89.50617283950616,
                90.12345679012346,
                89.19753086419753,
                89.50617283950616,
                87.65432098765432,
                88.58024691358024,
                87.34567901234567,
                87.34567901234567,
                88.58024691358024,
                88.88888888888889
            ]
        },
        "Session 8": {
            "w": [
                90.43209876543209,
                90.43209876543209,
                87.96296296296296,
                92.28395061728395,
                89.81481481481481,
                89.81481481481481,
                87.96296296296296,
                88.88888888888889,
                88.88888888888889,
                86.1111111111111
            ],
            "wo": [
                0.0,
                0.0,
                0.0,
                0.0,
                0.0,
                0.0,
                0.0,
                0.0,
                0.0,
                0.0
            ]
        }
    },
    "Non-ADHD": {
        "Session 1": {
            "w": [
                91.66666666666667,
                89.74358974358975,
                88.46153846153847,
                88.46153846153847,
                89.10256410256412,
                90.06410256410257,
                92.62820512820514,
                91.66666666666667,
                91.66666666666667,
                90.38461538461539
            ],
            "wo": [
                0.0,
                0.0,
                0.0,
                0.0,
                0.0,
                0.0,
                0.0,
                0.0,
                0.0,
                0.0
            ]
        },
        "Session 2": {
            "w": [
                0.0,
                0.0,
                0.0,
                0.0,
                0.0,
                0.0,
                0.0,
                0.0,
                0.0,
                0.0
            ],
            "wo": [
                94.87179487179488,
                90.70512820512822,
                96.79487179487181,
                97.11538461538463,
                95.1923076923077,
                95.1923076923077,
                92.62820512820514,
                95.1923076923077,
                95.1923076923077,
                94.87179487179488
            ]
        },
        "Session 3": {
            "w": [
                0.0,
                0.0,
                0.0,
                0.0,
                0.0,
                0.0,
                0.0,
                0.0,
                0.0,
                0.0
            ],
            "wo": [
                94.23076923076924,
                92.94871794871796,
                94.55128205128206,
                94.87179487179488,
                95.1923076923077,
                96.79487179487181,
                96.47435897435898,
                95.51282051282053,
                95.1923076923077,
                95.1923076923077
            ]
        },
        "Session 4": {
            "w": [
                95.1923076923077,
                96.79487179487181,
                94.55128205128206,
                95.51282051282053,
                91.66666666666667,
                96.47435897435898,
                91.66666666666667,
                96.47435897435898,
                94.87179487179488,
                94.87179487179488
            ],
            "wo": [
                0.0,
                0.0,
                0.0,
                0.0,
                0.0,
                0.0,
                0.0,
                0.0,
                0.0,
                0.0
            ]
        },